Notable Question,1384684
Yearling,920245
Necromancer,310948
Enlightened,250941
Good Answer,242294
Enthusiast,137600
Good Question,113066
Constituent,96149
Guru,76533
Civic Duty,60831
Tenacious,38476
Favorite Question,30993
Reviewer,25630
Inquisitive,22861
Strunk &amp; White,11753
Taxonomist,10224
Deputy,8240
Pundit,7357
Beta,2513
Documentation Pioneer,2367
Sportsmanship,2198
Booster,1973
Convention,1802
Archaeologist,1390
Refiner,1359
c#,1341
java,1228
Outspoken,1030
Knowledgeable,1015
javascript,1004
c++,830
python,805
php,729
android,722
Generalist,679
Epic,588
jquery,566
c,414
ios,389
.net,381
html,373
objective-c,333
sql,330
iphone,320
css,311
Documentation Beta,294
mysql,254
Research Assistant,250
ruby-on-rails,248
ruby,209
r,186
asp.net,183
regex,182
arrays,179
sql-server,176
string,120
linux,119
scala,117
wpf,107
asp.net-mvc,103
bash,102
angularjs,98
haskell,95
django,94
perl,92
c++11,89
Not a Robot,81
git,80
swift,78
node.js,74
linq,73
algorithm,72
delphi,69
xcode,67
multithreading,67
oracle,61
tsql,60
list,59
shell,57
database,55
xml,54
matlab,53
pointers,53
templates,45
spring,45
cocoa,44
json,43
sql-server-2008,43
excel,42
windows,42
powershell,41
css3,41
cocoa-touch,39
vb.net,38
swing,38
performance,36
eclipse,36
go,35
postgresql,35
ruby-on-rails-3,35
mongodb,35
numpy,33
sed,33
entity-framework,33
ajax,33
winforms,32
vba,32
qt,32
pandas,32
unix,32
osx,30
python-3.x,30
stl,29
html5,28
generics,28
vim,27
gcc,26
excel-vba,26
awk,26
dictionary,25
emacs,25
google-app-engine,25
f#,24
sql-server-2005,24
hibernate,23
dataframe,23
python-2.7,23
clojure,23
twitter-bootstrap,22
ggplot2,21
winapi,21
batch-file,21
assembly,20
xaml,20
asp.net-mvc-3,19
xslt,19
facebook,19
maven,19
symfony2,18
security,18
laravel,18
svn,17
datetime,16
xpath,16
magento,16
wolfram-mathematica,15
opencv,15
visual-studio,15
matplotlib,15
database-design,15
wcf,15
date,14
lua,14
oop,14
grails,14
jpa,14
windows-phone-7,14
actionscript-3,14
opengl,14
spring-mvc,14
java-8,14
stored-procedures,13
coldfusion,13
sqlite,13
nhibernate,13
erlang,13
d3.js,13
zend-framework,13
core-data,13
gwt,13
tfs,13
ms-access,13
plsql,13
math,13
vector,13
function,13
matrix,12
unit-testing,12
collections,12
class,12
azure,12
file,12
dom,12
sockets,12
knockout.js,12
jsf,11
image,11
ember.js,11
uitableview,11
.htaccess,11
rust,11
lisp,11
boost,11
unicode,11
cmd,11
lambda,11
razor,10
grep,10
hash,10
gradle,10
jquery-ui,10
cakephp,10
visual-studio-2010,10
svg,10
extjs,10
internet-explorer,10
prolog,10
rest,10
inheritance,10
plot,10
data.table,10
elasticsearch,10
selenium,10
asynchronous,10
codeigniter,10
groovy,10
angular2,9
hadoop,9
backbone.js,9
cuda,9
facebook-graph-api,9
fortran,9
java-ee,9
cassandra,9
tomcat,9
google-chrome,9
asp.net-web-api,9
asp.net-mvc-4,9
struct,9
highcharts,9
meteor,9
neo4j,9
user-interface,9
google-chrome-extension,9
apache,9
typescript,9
task-parallel-library,9
wix,9
laravel-4,8
jdbc,8
arraylist,8
javafx,8
google-maps,8
intellij-idea,8
racket,8
reactjs,8
forms,8
jsp,8
functional-programming,8
servlets,8
async-await,8
scheme,8
mercurial,8
encryption,8
join,8
firebase,8
select,8
wordpress,8
docker,8
common-lisp,8
reflection,8
ocaml,8
c#-4.0,7
flask,7
parsing,7
canvas,7
object,7
events,7
activerecord,7
floating-point,7
visual-c++,7
java-stream,7
concurrency,7
github,7
ipad,7
express,7
mvvm,7
django-models,7
image-processing,7
amazon-web-services,7
http,7
makefile,7
ruby-on-rails-4,7
flex,7
sorting,7
xamarin.ios,7
machine-learning,7
memory-management,7
blackberry,6
xpages,6
serialization,6
jquery-selectors,6
vb6,6
version-control,6
cmake,6
variables,6
pdf,6
x86,6
rspec,6
android-layout,6
ssl,6
opengl-es,6
utf-8,6
constructor,6
sqlalchemy,6
twitter-bootstrap-3,6
apache-spark,6
jenkins,6
jquery-mobile,6
windows-installer,6
struts2,6
jpanel,6
playframework,6
jframe,6
exception,6
jtable,6
scipy,6
sas,6
flash,6
xsd,6
mod-rewrite,6
zend-framework2,5
angularjs-directive,5
vbscript,5
css-selectors,5
web-services,5
entity-framework-4,5
dojo,5
android-fragments,5
jbutton,5
ant,5
spring-security,5
redis,5
optimization,5
cypher,5
sharepoint,5
linq-to-entities,5
drupal,5
arm,5
dart,5
cordova,5
excel-formula,5
d,5
android-studio,5
google-apps-script,5
xamarin,5
linq-to-sql,5
enums,5
data-binding,5
elisp,5
design-patterns,5
indexing,5
cryptography,5
awt,5
google-analytics,5
solr,5
junit,4
sql-server-2008-r2,4
jquery-validate,4
heroku,4
ef-code-first,4
chef,4
casting,4
firefox,4
jsf-2,4
system.reactive,4
amazon-s3,4
uiview,4
tkinter,4
promise,4
django-templates,4
gson,4
vhdl,4
mapreduce,4
maven-2,4
oracle11g,4
layout-manager,4
visual-studio-2008,4
google-maps-api-3,4
julia-lang,4
core-animation,4
jersey,4
debugging,4
osgi,4
url,4
less,4
garbage-collection,4
file-io,4
c++14,4
random,4
oracle10g,4
sql-server-2012,4
google-bigquery,4
reporting-services,4
tridion,4
fluent-nhibernate,4
validation,4
autolayout,4
elixir,4
tcl,4
kendo-ui,4
memory,4
mongoose,4
jlabel,4
character-encoding,4
libgdx,4
sitecore,4
xamarin.android,4
eloquent,4
delphi-7,4
hashmap,4
laravel-5,4
types,4
mongodb-query,4
redirect,4
javafx-2,4
mockito,4
javascript-events,4
pdo,4
.net-4.0,4
ecmascript-6,4
dependency-injection,4
lucene,4
silverlight,4
language-lawyer,4
json.net,4
delphi-xe2,4
delegates,4
selenium-webdriver,4
data-structures,3
guava,3
iis,3
jtextfield,3
windows-azure-storage,3
sass,3
google-drive-sdk,3
glsl,3
sparql,3
apache-camel,3
jaxb,3
android-ndk,3
spring-boot,3
group-by,3
unity-container,3
glassfish,3
sublimetext2,3
ninject,3
verilog,3
com,3
if-statement,3
.net-3.5,3
uiviewcontroller,3
jvm,3
three.js,3
pinvoke,3
xslt-1.0,3
autofac,3
capybara,3
google-spreadsheet,3
doctrine2,3
exception-handling,3
access-vba,3
sbt,3
polymer,3
lotus-notes,3
listview,3
tortoisesvn,3
imagemagick,3
windows-8,3
flexbox,3
jmeter,3
timezone,3
dynamics-crm-2011,3
ios7,3
gdb,3
salesforce,3
csv,3
encoding,3
websocket,3
iis-7,3
youtube-api,3
yii,3
beautifulsoup,3
html5-canvas,3
mono,3
android-gradle,3
inno-setup,3
windows-phone-8,3
for-loop,3
audio,3
parallel-processing,3
db2,3
coffeescript,3
firefox-addon,3
jtextarea,3
embedded,3
installer,3
session,3
yii2,3
ado.net,3
sprite-kit,3
google-chrome-devtools,3
jboss,3
android-activity,3
scikit-learn,3
dplyr,3
django-forms,3
latex,3
android-intent,3
triggers,3
composer-php,3
signalr,3
orm,3
url-rewriting,3
loops,3
eclipselink,3
django-admin,3
curl,3
itextsharp,3
resharper,3
logging,3
gnuplot,3
akka,3
networking,3
protractor,3
amazon-ec2,3
c++-cli,3
webgl,3
entity-framework-4.1,3
css-shapes,3
msbuild,3
applescript,3
xslt-2.0,3
annotations,3
scrapy,3
ckeditor,3
powershell-v2.0,3
graphics,3
primefaces,3
entity-framework-5,3
angular-ui-router,3
java-me,2
rabbitmq,2
webdriver,2
antlr,2
webstorm,2
ravendb,2
itext,2
woocommerce,2
datatables,2
nokogiri,2
null,2
dll,2
jcombobox,2
jstl,2
javafx-8,2
android-listview,2
recursion,2
spring-integration,2
servicestack,2
gnu-make,2
split,2
grand-central-dispatch,2
mongodb-csharp,2
windows-7,2
tk,2
asp.net-identity,2
ghostscript,2
plone,2
joomla,2
rcpp,2
postgresql-9.2,2
django-rest-framework,2
android-actionbar,2
static,2
inversion-of-control,2
datatable,2
sonarqube,2
rdf,2
boost-asio,2
paypal,2
bison,2
bluebird,2
active-directory,2
processing,2
tfs2010,2
zip,2
activemq,2
openmp,2
fxml,2
vs-team-services,2
gpu,2
ffmpeg,2
netlogo,2
requirejs,2
phpstorm,2
64bit,2
egit,2
mapkit,2
protocol-buffers,2
expression-trees,2
nginx,2
swt,2
ejb,2
android-service,2
dynamic,2
postgresql-9.1,2
graph,2
openssl,2
realm,2
underscore.js,2
greatest-n-per-group,2
llvm,2
netty,2
jscrollpane,2
ibm-midrange,2
asp.net-core,2
command-line,2
argparse,2
internationalization,2
nuget,2
liferay,2
q,2
django-views,2
antlr4,2
model-view-controller,2
code-first,2
tensorflow,2
autofixture,2
methods,2
jodatime,2
xml-serialization,2
nspredicate,2
multiprocessing,2
aggregate-functions,2
io,2
flot,2
jasper-reports,2
marklogic,2
extjs4,2
core-graphics,2
websphere-mq,2
properties,2
delphi-2010,2
vagrant,2
jqgrid,2
swift2,2
ansible,2
castle-windsor,2
signal-processing,2
phpunit,2
pthreads,2
visual-studio-2012,2
actionlistener,2
visual-studio-2013,2
ienumerable,2
sqlite3,2
android-support-library,2
domain-driven-design,2
sse,2
devexpress,2
file-upload,2
xmpp,2
eclipse-plugin,2
angularjs-scope,2
kotlin,2
time-complexity,2
nfc,2
mef,2
google-maps-android-api-2,2
fft,2
ipython,2
extension-methods,2
twisted,2
orchardcms,2
textures,2
pyramid,2
actionbarsherlock,2
printf,2
ada,2
post,2
jasmine,2
cocos2d-iphone,2
mysqli,2
double,2
binding,2
stata,2
apache-poi,2
clr,2
winrt-xaml,2
scala-collections,2
oracle-sqldeveloper,2
iterator,2
linq-to-xml,2
compiler-construction,2
bytecode,2
big-o,2
posix,2
aggregation-framework,2
ldap,2
xquery,2
windbg,2
mpi,2
breeze,2
interface,2
asp.net-mvc-5,2
pycharm,2
xhtml,2
paintcomponent,2
ms-access-2010,2
c-preprocessor,2
nlp,2
guice,2
ioc-container,2
afnetworking,2
nsstring,2
playframework-2.0,2
drupal-7,2
cobol,2
jpa-2.0,2
ms-access-2007,2
dvcs,2
marshalling,2
sql-update,2
watir,2
roslyn,2
couchdb,2
firebase-database,1
githooks,1
ghc,1
angular-ui,1
build.gradle,1
google-chrome-app,1
scalaz,1
sympy,1
structuremap,1
zlib,1
ftp,1
gitlab,1
malloc,1
alarmmanager,1
pattern-matching,1
es6-promise,1
git-clone,1
ormlite,1
compact-framework,1
stream,1
xcode4,1
iis-express,1
internet-explorer-7,1
handlebars.js,1
list-comprehension,1
simplexml,1
thrust,1
log4j2,1
graphviz,1
eigen,1
el,1
mvvmcross,1
naudio,1
vscode,1
codenameone,1
android-asynctask,1
ipython-notebook,1
gremlin,1
appcompat,1
vi,1
gitignore,1
textview,1
shared-libraries,1
passport.js,1
testing,1
sql-injection,1
lwuit,1
aspectj,1
cxf,1
ireport,1
rebase,1
sequelize.js,1
parameters,1
pdfbox,1
sqlplus,1
agile,1
opencart,1
windows-store-apps,1
proguard,1
firebird,1
ssrs-2008,1
expect,1
.net-2.0,1
monodevelop,1
google-visualization,1
universal-image-loader,1
prepared-statement,1
cpan,1
shader,1
jar,1
sql-order-by,1
jquery-ui-autocomplete,1
liquibase,1
windows-mobile,1
ivy,1
obfuscation,1
system-verilog,1
jfreechart,1
fiddler,1
cq5,1
java-time,1
elm,1
transactions,1
sql-azure,1
workflow-foundation,1
gtk,1
speech-recognition,1
gridview,1
testng,1
mongoengine,1
windows-phone-8.1,1
notifications,1
sphinx,1
jekyll,1
int,1
synchronization,1
interop,1
subclipse,1
unity3d,1
flyway,1
windows-ce,1
phalcon,1
tinymce,1
web.xml,1
fork,1
fancybox-2,1
converter,1
user-controls,1
cakephp-3.0,1
generator,1
jinja2,1
dalvik,1
branch,1
mojarra,1
distinct,1
firefox-addon-sdk,1
download,1
polymorphism,1
fancybox,1
delphi-xe3,1
google-cloud-messaging,1
twilio,1
kineticjs,1
namespaces,1
prism,1
slice,1
dompdf,1
asp.net-mvc-routing,1
internet-explorer-8,1
deep-learning,1
complexity-theory,1
eclipse-rcp,1
npapi,1
service,1
greasemonkey,1
push-notification,1
chrono,1
compression,1
z3,1
django-queryset,1
ibm-mobilefirst,1
kendo-grid,1
web-applications,1
informix,1
google-glass,1
datagrid,1
java-web-start,1
fortran90,1
marionette,1
syntax,1
linux-kernel,1
symfony-1.4,1
gdi+,1
ansible-playbook,1
uml,1
slickgrid,1
spring-test,1
event-handling,1
mingw,1
bit-manipulation,1
azure-web-roles,1
ssl-certificate,1
boost-spirit,1
jsoup,1
tablesorter,1
tridion-2011,1
aurelia,1
foreach,1
ssis,1
seaborn,1
clearcase,1
android-emulator,1
semantic-markup,1
rx-java,1
simd,1
mfc,1
git-commit,1
sublimetext3,1
apple-push-notifications,1
jtextpane,1
autocomplete,1
applet,1
axapta,1
datagridview,1
network-programming,1
postgresql-performance,1
odata,1
gulp,1
enterprise-library,1
fonts,1
c++builder,1
jquery-plugins,1
m2eclipse,1
apache-spark-sql,1
uicollectionview,1
wsgi,1
cors,1
spring-data-jpa,1
asp.net-optimization,1
zoo,1
time,1
reshape,1
design,1
myfaces,1
rmarkdown,1
android-viewpager,1
git-merge,1
windows-runtime,1
indy,1
video,1
entity,1
qtcore,1
moxy,1
attributes,1
ios5,1
linker,1
momentjs,1
sh,1
nvidia,1
boost-spirit-qi,1
perforce,1
tampermonkey,1
poco,1
apache-httpclient-4.x,1
certificate,1
dbpedia,1
count,1
hashcode,1
freemarker,1
bytearray,1
calendar,1
git-submodules,1
redux,1
bdd,1
nlog,1
drupal-6,1
tomcat7,1
antlr3,1
semantic-web,1
seo,1
servlet-filters,1
dotnetnuke,1
partial-views,1
delphi-2007,1
jqgrid-asp.net,1
reference,1
mqtt,1
mysql-workbench,1
process,1
ember-data,1
wamp,1
commit,1
google-play-services,1
gitolite,1
asp-classic,1
plugins,1
zeromq,1
recyclerview,1
phantomjs,1
scripting,1
boto,1
crystal-reports,1
case,1
gpgpu,1
serial-port,1
subquery,1
sidekiq,1
assemblies,1
nullpointerexception,1
merge,1
moq,1
hbase,1
com-interop,1
spring-amqp,1
simple-injector,1
silverstripe,1
repository,1
python-requests,1
bluetooth,1
nltk,1
asp.net-ajax,1
autoconf,1
protobuf-net,1
cherrypy,1
delphi-xe,1
asset-pipeline,1
repository-pattern,1
map,1
passenger,1
python-import,1
nsfetchedresultscontrolle,1
bitbucket,1
data-annotations,1
abap,1
lldb,1
jms,1
css-animations,1
windows-services,1
locking,1
python-sphinx,1
leaflet,1
objectify,1
linqpad,1
mpmovieplayercontroller,1
pygame,1
operator-overloading,1
selectonemenu,1
ssh,1
zxing,1
asp.net-mvc-2,1
set,1
slick,1
data-mining,1
stanford-nlp,1
layout,1
sails.js,1
uwsgi,1
time-series,1
httpwebrequest,1
robotframework,1
authentication,1
c#-3.0,1
silverlight-4.0,1
3d,1
camera,1
glibc,1
left-join,1
byte,1
cdi,1
octave,1
linq-to-objects,1
flex-lexer,1
coq,1
sequel,1
aggregate,1
g++,1
openshift,1
vectorization,1
pseudo-element,1
abstract-syntax-tree,1
clpfd,1
haml,1
xcode-ui-testing,1
adb,1
shapeless,1
navigation,1
jsf-2.2,1
android-permissions,1
equals,1
window-functions,1
caffe,1
typo3,1
scenekit,1
minitest,1
innodb,1
bluetooth-lowenergy,1
web2py,1
nsurlsession,1
cocoapods,1
dart-polymer,1
accessibility,1
gruntjs,1
grammar,1
subprocess,1
programming-languages,1
task,1
git-branch,1
sap,1
managed-bean,1
richfaces,1
openid,1
pivot,1
tuples,1
dos,1
android-manifest,1
tdd,1
dot,1
lxml,1
artifactory,1
rubymine,1
drop-down-menu,1
pascal,1
yesod,1
backgroundworker,1
schema.org,1
gorm,1
plpgsql,1
forms-authentication,1
html-agility-pack,1
unpivot,1
coding-style,1
watir-webdriver,1
jooq,1
kivy,1
hive,1
range,1
ide,1
package,1
alfresco,1
pyside,1
language-agnostic,1
tcp,1
opencl,1
anaconda,1
html-helper,1
querydsl,1
ormlite-servicestack,1
msysgit,1
mkannotation,1
restkit-0.20,1
metaprogramming,1
angular2-template,1
azure-storage-blobs,1
spock,1
facelets,1
directshow,1
android-contentprovider,1
quickbooks,1
compiler-errors,1
end-to-end,1
parse.com,1
git-svn,1
pickle,1
git-rebase,1
.net-4.5,1
rmi,1
dns,1
subsonic,1
logback,1
mkmapview,1
clickonce,1
responsive-design,1
log4net,1
singleton,1
rvm,1
swig,1
igraph,1
dynamic-sql,1
c#-5.0,1
dapper,1
java-ee-6,1
babeljs,1
wicket,1
celery,1
broadcastreceiver,1
pyqt,1
chart.js,1
python-2.x,1
subset,1
mod-wsgi,1
delphi-xe7,1
ubuntu,1
omnifaces,1
gpuimage,1
rails-activerecord,1
browser,1
sinatra,1
ontology,1
networkx,1
ios8,1
diff,1
service-broker,1
swagger,1
owl,1
teradata,1
state,1
wcf-binding,1
jsf-1.2,1
spotify,1
automapper,1
webbrowser-control,1
pipe,1
sql-server-2000,1
gmaps4rails,1
https,1
rxjs,1
python-asyncio,1
spark-dataframe,1
userscripts,1
ecto,1
mocha,1
xts,1
nunit,1
replace,1
macvim,1
wmi,1
gps,1
gae-datastore,1
android-6.0-marshmallow,1
chromecast,1
knitr,1
doxygen,1
sublimetext,1
qml,1
indy10,1
webpack,1
spring-data-rest,1
spring-batch,1
phpexcel,1
pydev,1
wampserver,1
cluster-analysis,1
socket.io,1
smalltalk,1
jersey-2.0,1
watchkit,1
jackson,1
sitecore6,1
lme4,1
intel,1
alamofire,1
contenteditable,1
cql,1
hsqldb,1
react-native,1
web-scraping,1
thinking-sphinx,1
asmx,1
nodatime,1
spring-data,1
mootools,1
unmarshalling,1
ace-editor,1
x++,1
casperjs,1
dotnetopenauth,1
javabeans,1
variadic-templates,1
caching,1
macros,1
titan,1
udp,1
accelerometer,1
installshield,1
ibeacon,1
html-parsing,1
profiling,1
postscript,1
smack,1
xcode6,1
angular2-routing,1
nservicebus,1
achartengine,1
scala.js,1
ms-word,1
mapping,1
saxon,1
mule,1
biztalk,1
wxpython,1
composite-component,1
tidyr,1
jax-rs,1
slf4j,1
h2,1
core-plot,1
timer,1
nio,1
context-free-grammar,1
ios-simulator,1
gzip,1
workflow-foundation-4,1
sml,1
jetty,1
jena,1
reactiveui,1
web-audio,1
outlook,1
mahout,1
decorator,1
angular-dart,1
intentfilter,1
python-internals,1
decimal,1
simpledateformat,1
nsis,1
nsdate,1
nsarray,1
model-binding,1
viewmodel,1
javamail,1
android-widget,1
selection,1
pip,1
undefined-behavior,1
aes,1
ejb-3.0,1
cookies,1
kubernetes,1
thread-safety,1
shiny,1
gridextra,1
microdata,1
mkannotationview,1
sbcl,1
controller,1
sql-server-ce,1
initialization,1
cloudkit,1
twitter,1
wxwidgets,1
restkit,1
phpmyadmin,1
bitmap,1
zope,1
jquery-datatables,1
specs2,1
pyparsing,1
nullable,1
swift3,1
type-conversion,1
vcl,1
tornado,1
worksheet-function,1
material-design,1
xna,1
neural-network,1
pyspark,1
scope,1
phoenix-framework,1
mpandroidchart,1
admob,1
base64,1
pyqt4,1
app-engine-ndb,1
ibeacon-android,1
appharbor,0
